spot,strike,time_to_maturity,risk_free_rate,option_type,market_price,true_volatility,implied_volatility,iv_converged,iv_iterations,iv_method,iv_pricing_error
100.0,70.0,1.0,0.03,call,33.83719842232434,0.34,0.33999999985776264,True,29,bisection,-2.4144810595316812e-09
100.0,80.0,1.0,0.03,call,25.043382369363272,0.29,0.2899999917621241,True,29,bisection,-1.9576305021473672e-07
100.0,90.0,1.0,0.03,call,16.49687015213012,0.235,0.23499999217014728,True,29,bisection,-2.4559962952253045e-07
100.0,95.0,1.0,0.03,call,12.708925682146635,0.215,0.21500000755834325,True,29,bisection,2.679970307895019e-07
100.0,100.0,1.0,0.03,call,9.413403383853016,0.2,0.19999999581642594,True,29,bisection,-1.617654774577204e-07
100.0,105.0,1.0,0.03,call,7.327528490101521,0.205,0.20500000593921552,True,29,bisection,2.3692649619988515e-07
100.0,110.0,1.0,0.03,call,6.074444388470283,0.22,0.21999999905468143,True,29,bisection,-3.706003326442442e-08
100.0,120.0,1.0,0.03,call,4.6413201591922615,0.255,0.2549999954084028,True,29,bisection,-1.6403586400315362e-07
100.0,130.0,1.0,0.03,call,4.207673748777804,0.3,0.2999999933812517,True,29,bisection,-2.1726290100332335e-07
